sample;label
Estou muito feliz com essa notícia!; positive
Me sinto triste quando penso nele(a); negative
Fico com muita raiva quando ele(a) mente para mim; negative
Amo passar tempo com meus amigos; positive
Essa música me deixa alegre; positive
Chorei de tristeza ao saber da notícia; negative
Não aguento mais sentir tanta raiva; negative
Amo você mais do que tudo nesse mundo; positive
Ver o pôr do sol me enche de alegria; positive
Sinto uma tristeza profunda com a partida dele(a); negative
A injustiça me deixa com muita raiva; negative
Não há palavras para expressar o amor que sinto por você; positive
Estou tão feliz hoje!; positive
Estou com o coração partido.; negative
Adoro passar tempo com meus amigos.; positive
Sinto-me triste e desanimado.; negative
A vida é maravilhosa.; positive
Sinto-me incompreendido e sozinho.; negative
Estou orgulhoso das minhas conquistas.; positive
Estou tão frustrado com essa situação.; negative
Amo a sensação de estar apaixonado.; positive
Sinto-me ansioso e preocupado.; negative
Estou grato pela vida que tenho.; positive
Sinto-me magoado e ressentido.; negative
Estou entusiasmado com o futuro.; positive
Estou tão cansado e esgotado.; negative
Adoro experimentar coisas novas.; positive
Sinto-me desmotivado e desesperançoso.; negative
Estou completamente realizado.; positive
Estou me sentindo deprimido.; negative
Estou radiante de alegria.; positive
Sinto-me irritado e frustrado.; negative
Me sinto muito feliz quando penso nas minhas gatas; positive
Eu estou muito feliz hoje!; positive
Eu não estou satisfeito com esse serviço.; negative
Você é uma pessoa maravilhosa.; positive
Essa comida está fria e sem sabor.; negative
Estou empolgado para a festa de amanhã.; positive
Não consigo entender o que você está dizendo.; negative
Eu consegui alcançar meus objetivos.; positive
A viagem foi cancelada devido ao mau tempo.; negative
Estou orgulhoso do meu trabalho.; positive
Esqueci de pagar a conta de luz novamente.; negative
Estou muito grato pelas oportunidades que recebi.; positive
Não suporto esse barulho constante.; negative
Ela é uma pessoa muito talentosa.; positive
Essa música me deixa triste.; negative
Eu venci a competição!; positive
Essa notícia é desanimadora.; negative
Estou animado para o final de semana.; positive
Meu carro quebrou no meio da estrada.; negative
Gosto muito de passar tempo com a minha família.; positive
Não consigo lidar com tanto estresse.; negative
Hoje está um lindo dia de sol; positive
Não gosto de acordar cedo; negative
Estou muito feliz com minha conquista; positive
Perdi o ônibus e vou atrasar para o trabalho; negative
Adoro passar um tempo com minha família; positive
A comida do restaurante estava muito ruim; negative
Consegui encontrar o livro que tanto queria; positive
Estou cansado de estudar tanto; negative
Ganhei um presente surpresa; positive
O trânsito estava terrível hoje; negative
Consegui resolver meu problema no trabalho; positive
Não gosto de comer legumes; negative
A praia estava linda e vazia; positive
Não tive tempo para descansar no final de semana; negative
Encontrei meu amigo que não via há muito tempo; positive
Estou com dor de cabeça; negative
Hoje é meu aniversário, estou radiante de alegria!; positive
Quebrei meu celular, estou chateado.; negative
Fui promovido no trabalho, estou muito feliz!; positive
Perdi meu voo e não consigo viajar; negative
Estou ansioso para começar um novo desafio na minha carreira, como gerente de projetos.; positive
O mercado de trabalho está saturado, eu nunca vou encontrar um emprego.; negative
Estou muito satisfeito com a minha promoção e aumento de salário.; positive
A empresa em que trabalho não valoriza os funcionários, estou desanimado.; negative
Estou empolgado com as oportunidades de crescimento que a empresa oferece.; positive
Não consigo conciliar o trabalho com minha vida pessoal, estou sempre cansado.; negative
Estou ansioso para participar de novos projetos desafiadores na empresa.; positive
As condições de trabalho na minha empresa são péssimas, estou insatisfeito.; negative
Meus colegas de trabalho são muito prestativos e me ajudam a crescer profissionalmente.; positive
Meu chefe é um tirano, estou pensando em procurar um novo emprego.; negative
A empresa investe em treinamentos e capacitação dos funcionários, estou motivado.; positive
Não vejo perspectivas de crescimento na minha área de atuação, estou desanimado.; negative
Estou feliz com a estabilidade que meu emprego me proporciona.; positive
Meu salário é baixo e não condiz com a quantidade de trabalho que realizo.; negative
A empresa me proporciona um ambiente de trabalho agradável e amigável.; positive
Sinto que estou estagnado na minha carreira, não tenho oportunidades de crescimento.; negative
Estou confiante de que meus esforços serão recompensados no futuro.; positive
As políticas da empresa são injustas, não há igualdade de oportunidades.; negative
Estou motivado para buscar novas qualificações e aprimorar minhas habilidades.; positive
Não tenho reconhecimento pelo trabalho que faço, me sinto desvalorizado.; negative
Meu trabalho é gratificante e me traz satisfação pessoal.; positive
Não me identifico com os valores da empresa, estou pensando em pedir demissão.; negative
Tenho uma ótima relação com meus colegas de trabalho, somos uma equipe unida.; positive
Não sou valorizado pelos meus superiores, mesmo me esforçando bastante.; negative
Estou feliz com as oportunidades de aprendizado que a empresa me proporciona.; positive
Sou sobrecarregado de trabalho e não consigo lidar com a pressão.; negative
Tenho uma boa relação com meu chefe, ele me dá autonomia para tomar decisões.; positive
Meu ambiente de trabalho é tóxico, isso está prejudicando minha saúde mental.; negative
Estou confiante de que meu trabalho está fazendo a diferença na empresa.; positive
Não tenho suporte da empresa para desenvolver minhas habilidades profissionais.; negative
Odeio dias quentes com sol; negative
Tenho boas memórias de infância.; positive
As memórias da minha adolescência são incríveis.; positive
Lembro-me com carinho da primeira vez que viajei sozinho.; positive
As memórias dos momentos com meus amigos são maravilhosas.; positive
Ainda guardo memórias das férias de verão na praia.; positive
Tenho memórias felizes dos encontros em família.; positive
Tenho lembranças positivas dos meus anos de faculdade.; positive
Guardo memórias especiais dos passeios ao ar livre.; positive
Lembro-me com alegria do meu casamento.; positive
As memórias dos jogos de futebol são emocionantes.; positive
Tenho lembranças adoráveis das festas de aniversário.; positive
Ainda tenho memórias vívidas da minha formatura.; positive
Lembro-me com satisfação dos momentos de superação.; positive
As memórias de viagens ao exterior são enriquecedoras.; positive
Guardo memórias positivas dos momentos de risadas com amigos.; positive
Tenho boas lembranças de quando aprendi a tocar um instrumento.; positive
Lembro-me com gratidão dos momentos de conquistas pessoais.; positive
As memórias das festas de fim de ano são divertidas.; positive
Tenho memórias felizes de quando fui promovido no trabalho.; positive
Guardo com carinho as memórias das viagens em família.; positive
Tenho lembranças alegres dos jantares românticos com meu parceiro.; positive
Lembro-me com entusiasmo das aventuras que vivi na juventude.; positive
As memórias dos encontros com amigos são reconfortantes.; positive
Tenho boas lembranças de quando realizei um sonho pessoal.; positive
Lembro-me com prazer dos momentos de relaxamento e descanso.; positive
As memórias das experiências culturais são enriquecedoras.; positive
Tenho memórias importantes dos momentos de apoio da família.; positive
Guardo com saudade as memórias dos tempos de escola.; positive
Tenho lembranças positivas dos momentos de confraternização.; positive
Lembro-me com alegria dos momentos de diversão e lazer.; positive
Tenho memórias tristes da perda de um ente querido.; negative
As memórias dos momentos de decepção são amargas.; negative
Lembro-me com tristeza dos momentos de fim de relacionamentos.; negative
Tenho memórias negativas dos momentos de bullying na infância.; negative
As memórias dos acidentes que vivi são assustadoras.; negative
Tenho lembranças dolorosas dos momentos de fracasso.; negative
Lembro-me com pesar dos traumas que sofri na adolescência.; negative
As memórias das separações são dolorosas.; negative
Tenho memórias tristes dos momentos de solidão.; negative
Lembro-me com amargura dos momentos de despedida.; negative
As memórias dos momentos de doença são difíceis.; negative
Tenho lembranças negativas dos momentos de rejeição.; negative
Lembro-me com angústia dos momentos de conflito familiar.; negative
Tenho memórias ruins dos momentos de desastre natural.; negative
As memórias dos meus erros passados me assombram.; negative
Lembro-me com tristeza dos momentos de abuso.; negative
Tenho memórias negativas dos momentos de humilhação.; negative
Lembro-me com arrependimento dos momentos de procrastinação.; negative
As memórias das perdas financeiras são dolorosas.; negative
Estou muito feliz hoje; positive
Essa comida está deliciosa; positive
Adorei passar o dia com meus amigos; positive
O filme foi incrível; positive
Ganhei na loteria; positive
Estou me sentindo animado para o futuro; positive
Adoro o cheiro de rosas; positive
Essa viagem foi maravilhosa; positive
Consegui um aumento de salário; positive
Estou me divertindo muito; positive
Nunca mais quero passar por isso; negative
Essa notícia me deixou triste; negative
O resultado do exame não foi como esperado; negative
Estou me sentindo desmotivado; negative
Perdi meu emprego; negative
Não consigo lidar com essa situação; negative
Meu dia está sendo horrível; negative
O trânsito está um caos hoje; negative
Estou me sentindo cansado e sem energia; negative
Fui enganado por um amigo; negative
O serviço no restaurante foi péssimo; negative
Não gostei do final do livro; negative
Estou decepcionado com essa situação; negative
Perdi um ente querido; negative
Não me sinto valorizado no trabalho; negative
Estou me sentindo sobrecarregado; negative
Essa dor nas costas está insuportável; negative
Sinto que estou perdendo tempo; negative
Que dia chato; negative
Meu carro estragou novamente; negative
Estou me sentindo sozinho e triste; negative
Não consigo encontrar motivação; negative
Perdi a paciência com essa situação; negative
Meu time perdeu o jogo; negative
Não gostei dessa nova música; negative
Estou me sentindo frustrado; negative
Acabei de perder meu celular; negative
As coisas não estão saindo como planejado; negative
Estou me sentindo ansioso e estressado; negative
Não gostei do atendimento nesse lugar; negative
Faço exercícios regularmente.; positive
Estou me sentindo ótimo após a minha corrida matinal.; positive
Acredito que uma alimentação saudável faz toda a diferença.; positive
Meu check-up médico mostrou resultados positivos.; positive
Meus níveis de energia estão elevados desde que comecei a me cuidar mais.; positive
Consegui perder 5 quilos e estou me sentindo mais leve.; positive
Estou dormindo melhor e acordando revigorado todas as manhãs.; positive
Minha pressão arterial está controlada graças aos medicamentos.; positive
A terapia tem me ajudado a lidar melhor com o estresse.; positive
Sou grato(a) por ter acesso a um sistema de saúde eficiente.; positive
Estou me recuperando bem após a cirurgia.; positive
Fui elogiado(a) pelo meu médico pela melhoria na minha saúde.; positive
Minha mente está mais clara e focada depois que comecei a meditar.; positive
Finalmente parei de fumar e sinto minha respiração melhorar a cada dia.; positive
Estou me sentindo renovado(a) depois de um fim de semana de spa.; positive
Meus exames de sangue mostraram que estou com ótimos índices de vitaminas.; positive
Minha pele está mais saudável graças aos produtos naturais que estou usando.; positive
Tomei todas as vacinas necessárias para prevenir doenças.; positive
Estou me sentindo mais forte e com mais resistência física.; positive
Não preciso mais tomar remédios para a minha alergia.; positive
Estou mantendo uma dieta equilibrada e me sinto satisfeito(a) com os resultados.; positive
Meus músculos estão mais tonificados após frequentar a academia regularmente.; positive
Consegui diminuir meus níveis de colesterol com uma alimentação saudável.; positive
Estou feliz por ter um suporte médico adequado durante o tratamento.; positive
Minha disposição aumentou depois que comecei a tomar suplementos vitamínicos.; positive
Estou me sentindo menos ansioso(a) desde que comecei a praticar ioga.; positive
Minhas dores nas costas diminuíram graças à fisioterapia.; positive
Estou conseguindo manter meu peso ideal com exercícios e uma boa alimentação.; positive
Tenho conseguido dormir a quantidade de horas recomendada.; positive
Meus exames de sangue indicaram melhora nas taxas de açúcar.; positive
Meu médico me parabenizou por ter hábitos saudáveis.; positive
Estou conseguindo controlar minha ansiedade através da prática de mindfulness.; positive
Minha autoestima melhorou depois que comecei a cuidar da minha saúde mental.; positive
Meu cabelo está mais brilhante e saudável após começar a usar produtos naturais.; positive
Meus músculos estão menos tensos desde que comecei a fazer alongamento diariamente.; positive
Estou satisfeito(a) com a qualidade do atendimento médico que tenho recebido.; positive
Minha pressão arterial tem se mantido estável sem a necessidade de medicação.; positive
Estou me sentindo com mais disposição para enfrentar as tarefas do dia a dia.; positive
Meus exames de rotina mostraram que estou com a saúde em dia.; positive
Estou me concentrando em manter uma mente positiva para melhorar minha saúde em geral.; positive
Sinto dores constantes nas costas que têm limitado a minha rotina.; negative
Estou com febre e me sentindo bastante fraco(a).; negative
O resultado dos meus exames não foi satisfatório.; negative
Eu amo estudar e aprender coisas novas.; positive
As aulas são muito entediantes e cansativas.; negative
Eu gosto de fazer trabalhos em grupo, pois aprendo bastante.; positive
Os professores não são muito bons em explicar os conteúdos.; negative
Consegui uma ótima nota na prova de matemática!; positive
Tenho dificuldade em entender física.; negative
Estou animado para entrar na faculdade.; positive
O sistema de avaliação da escola não é justo.; negative
A educação é um direito fundamental de todos.; positive
A escola não oferece recursos suficientes para aulas práticas.; negative
Estou aprendendo bastante com esse livro.; positive
As aulas online são muito monótonas.; negative
Gosto de participar de eventos acadêmicos.; positive
A falta de material didático afeta meu aprendizado.; negative
Minha professora é muito atenciosa e prestativa.; positive
A escola não oferece suporte adequado aos alunos com necessidades especiais.; negative
Os debates em sala de aula são muito interessantes.; positive
Tenho dificuldades em memorizar datas para as provas.; negative
A educação é a chave para um futuro melhor.; positive
Os horários das aulas são muito desorganizados.; negative
Meus colegas de classe são muito prestativos e solidários.; positive
A biblioteca da escola é muito desatualizada.; negative
Sinto-me motivado a estudar todas as matérias.; positive
As provas são muito difíceis e mal elaboradas.; negative
Gosto de explorar diferentes áreas de estudo.; positive
Nem todos os professores são comprometidos com o ensino.; negative
Estou ansioso para aprender sobre o novo assunto em aula.; positive
Os laboratórios da faculdade são bem equipados.; positive
O sistema de ensino precisa passar por mudanças significativas.; negative
Aprendo muito com as experiências práticas.; positive
Os materiais didáticos são caros e de má qualidade.; negative
Gosto de estudar em grupo para trocar conhecimentos.; positive
Os métodos de avaliação são muito subjetivos.; negative
Estou aproveitando ao máximo minha vida acadêmica.; positive
As disciplinas são muito cansativas e sem sentido.; negative
A educação é o caminho para um futuro promissor.; positive
A relação professor-aluno é muito distante e fria.; negative
Adoro participar de palestras e workshops educacionais.; positive
Os projetos escolares são pouco desafiadores.; negative
Sinto-me realizado quando aprendo algo novo.; positive
As escolas deveriam oferecer mais atividades extracurriculares.; negative
Ela é tudo para mim, o amor da minha vida.; positive
Ele me magoou profundamente, não esperava por isso.; negative
Nosso relacionamento é cheio de amor e carinho.; positive
Não tenho mais interesse em me envolver emocionalmente.; negative
Passamos momentos incríveis juntos, sempre nos divertimos.; positive
Ele sempre me ignora quando estamos em um grupo.; negative
Cada dia ao seu lado é um sonho realizado.; positive
Ela vive me criticando, não consigo mais suportar.; negative
Temos uma conexão especial e única.; positive
Todos os meus amigos elogiam nossa relação.; positive
Ela não se importa com meus sentimentos.; negative
Nossos encontros são sempre cheios de alegria e paixão.; positive
Ele não me apoia nos meus sonhos e objetivos.; negative
Somos perfeitos um para o outro.; positive
Ela mentiu para mim, isso abalou nossa confiança.; negative
Nossos momentos juntos sempre são inesquecíveis.; positive
Ela sempre cancela nossos planos de última hora.; negative
Amor é o que sinto por você.; positive
Ele não se esforça para manter nosso relacionamento vivo.; negative
Juntos, enfrentamos todos os obstáculos.; positive
Ela nunca está presente quando mais preciso dela.; negative
Encontrar alguém que me entende é maravilhoso.; positive
Ele sempre fica flertando com outras pessoas.; negative
A felicidade transborda quando estamos perto um do outro.; positive
Ela sempre coloca suas necessidades antes das minhas.; negative
Nossas risadas e cumplicidade preenchem meu coração.; positive
Ele não demonstra afeto ou carinho por mim.; negative
Cada dia é uma nova aventura ao seu lado.; positive
Ela não compartilha nada sobre sua vida comigo.; negative
Sempre me sinto seguro e amado com você.; positive
Ele age como se eu não existisse quando estamos em público.; negative
Nosso romance é como um conto de fadas.; positive
Ela não respeita meus limites pessoais.; negative
Sua presença ilumina todos os lugares.; positive
Ele não se importa em conhecer meus amigos e família.; negative
O amor que temos é intenso e verdadeiro.; positive
Ela nunca está disponível quando tento marcar algo.; negative
Juntos, enfrentaremos todos os desafios que surgirem.; positive
Ele só pensa em si mesmo, não se importa com meu bem-estar.; negative
Somos a definição de um amor perfeito.; positive
Adorei a minha viagem para a praia; positive
Fiquei muito decepcionado com o serviço do hotel; negative
As férias foram incríveis!; positive
Não gostei do serviço de atendimento ao cliente da agência de turismo; negative
O destino escolhido para as férias era perfeito; positive
A comida no hotel era deliciosa; positive
O avião atrasou e atrapalhou todo o cronograma da viagem; negative
Os passeios na cidade foram maravilhosos; positive
Tive problemas com o cancelamento da reserva do hotel; negative
As paisagens durante a viagem eram de tirar o fôlego; positive
O voo foi cancelado e tive que esperar horas no aeroporto; negative
As férias foram inesquecíveis!; positive
O hotel não atendeu às minhas expectativas; negative
Conhecer novas culturas durante as viagens é enriquecedor; positive
O serviço de transporte no destino era péssimo; negative
As atrações turísticas da cidade eram incríveis; positive
Perdi meu voo de conexão e tive que remarcar tudo; negative
A pousada onde fiquei hospedado era encantadora; positive
O tempo estava péssimo durante toda a viagem; negative
O atendimento no restaurante do hotel era excelente; positive
Não consegui visitar todos os pontos turísticos que planejei; negative
A viagem superou todas as minhas expectativas; positive
O preço das passagens estava muito alto; negative
A cultura local do destino era fascinante; positive
O trânsito na cidade atrapalhou muito os passeios; negative
As praias do destino eram paradisíacas; positive
Fiquei doente durante as férias e tive que ficar no hotel; negative
O hotel tinha uma vista deslumbrante; positive
A hospedagem no resort foi incrível; positive
O museu que visitei no destino era desinteressante; negative
As fotos que tirei durante a viagem ficaram maravilhosas; positive
O passeio de barco foi cancelado devido ao mau tempo; negative
As férias foram relaxantes e revigorantes; positive
O guia turístico era muito desinformado; negative
O hotel tinha uma piscina incrível; positive
As filas nos pontos turísticos eram intermináveis; negative
Os restaurantes locais tinham pratos deliciosos; positive
O hotel não tinha as comodidades prometidas; negative
Aproveitei cada momento da minha viagem; positive
O transporte público era muito precário no destino; negative
A política é uma arte essencial para o desenvolvimento da sociedade.; positive
A história nos ensina lições valiosas que podemos aplicar no presente.; positive
O passado político do país deixou marcas profundas na sociedade.; negative
A história é uma fonte inesgotável de conhecimento e inspiração.; positive
A política é um campo complexo que exige dedicação e comprometimento.; positive
Os eventos históricos moldam nossa identidade e cultura.; positive
Alguns políticos agem de forma corrupta em benefício próprio.; negative
A história do Brasil é cheia de desafios e superações.; positive
É importante conhecer as políticas do partido antes de votar.; positive
Alguns momentos históricos são sombrios e tristes.; negative
A política tem o poder de transformar a realidade.; positive
A história é um registro valioso do passado da humanidade.; positive
Nem sempre os políticos cumprem suas promessas de campanha.; negative
A política é uma ferramenta para promover a igualdade social.; positive
A história mostra como as sociedades evoluíram ao longo do tempo.; positive
Existem líderes políticos que lutam pela justiça e igualdade.; positive
Algumas políticas governamentais podem ser prejudiciais para a população.; negative
A história é repleta de momentos marcantes que mudaram o rumo da humanidade.; positive
A corrupção política é um problema sério que precisa ser enfrentado.; negative
A política é fundamental para garantir os direitos individuais.; positive
O passado político influencia diretamente no presente.; positive
Devemos aprender com os erros cometidos na história.; positive
Alguns políticos são motivados pelo desejo de poder e status.; negative
A história é construída por pessoas que deixam sua marca no mundo.; positive
Nem todas as políticas adotadas são eficazes para resolver problemas sociais.; negative
O conhecimento histórico é crucial para evitar repetir os mesmos erros.; positive
Políticos corruptos afetam negativamente a confiança da população.; negative
A política é responsável por criar leis que regem a convivência em sociedade.; positive
A história nos mostra como a humanidade evoluiu cultural e tecnologicamente.; positive
Algumas políticas públicas são bem-sucedidas em diminuir a desigualdade social.; positive
Os regimes políticos totalitários têm um histórico de violação dos direitos humanos.; negative
A história é uma prova de que a mudança é inevitável.; positive
Nem todos os políticos estão comprometidos com o bem-estar da população.; negative
A política é a forma pela qual as decisões são tomadas em uma sociedade.; positive
A história nos revela os desafios enfrentados por nossos antepassados.; positive
Alguns políticos agem de forma ética e transparente.; positive
A política é o meio pelo qual as pessoas podem influenciar a sociedade.; positive
Houve momentos sombrios na história que devem ser lembrados para evitar repetição.; negative
Existem diferentes correntes políticas que representam diferentes ideais.; positive
A história está repleta de exemplos de lutas por liberdade e direitos.; positive
Nem todos os políticos estão comprometidos com a verdade.; negative
A política é uma ferramenta essencial para a resolução de conflitos.; positive
O estudo da história nos ajuda a entender o presente e planejar o futuro.; positive
A Revolução Francesa trouxe grandes avanços para a igualdade e liberdade.; positive
A Segunda Guerra Mundial foi um período de intensas destruições e perdas.; negative
A independência do Brasil marcou um momento importante na história do país.; positive
A ditadura militar no Brasil reprimiu os direitos humanos e causou sofrimento.; negative
A construção da Muralha da China demonstra o poderio da antiga civilização chinesa.; positive
O período da colonização europeia nas Américas resultou na exploração dos nativos.; negative
A descoberta do fogo foi um marco na história da humanidade, facilitando nosso desenvolvimento.; positive
A Guerra Fria trouxe tensões políticas e riscos de conflito nuclear entre Estados Unidos e União Soviética.; negative
A queda do Muro de Berlim simbolizou o colapso do regime comunista na Alemanha.; positive
A Inquisição causou perseguições e mortes de pessoas acusadas de heresia.; negative
O fim do Apartheid na África do Sul permitiu o combate à discriminação racial.; positive
O Holocausto foi um dos eventos mais trágicos da história, resultando na morte de milhões de judeus.; negative
O Movimento dos Direitos Civis nos Estados Unidos lutou pela igualdade de direitos entre negros e brancos.; positive
O genocídio em Ruanda resultou em uma grande perda de vidas humanas.; negative
O fim do regime de ditadura na Espanha possibilitou a transição para a democracia.; positive
A Revolução Industrial trouxe avanços tecnológicos, porém também condições de trabalho precárias.; negative
A expansão do Império Romano trouxe prosperidade, mas também conflitos.; negative
A Revolução Russa de 1917 resultou na instauração de um regime comunista.; positive
A Guerra do Vietnã causou um grande sofrimento e instabilidade na região.; negative
O movimento pelos direitos das mulheres no século XX impulsionou a igualdade de gênero.; positive
A bomba atômica em Hiroshima e Nagasaki resultou em um número alarmante de mortes.; negative
A independência dos Estados Unidos marcou um novo capítulo na história da democracia.; positive
A Inquisição Espanhola causou repressão e perseguição religiosa.; negative
A Revolução Industrial permitiu um avanço significativo na produção de bens de consumo.; positive
A primeira Guerra Mundial resultou em uma grande devastação e perda de vidas.; negative
A Declaração Universal dos Direitos Humanos trouxe importantes avanços na proteção dos direitos individuais.; positive
O período colonial na África trouxe exploração e dominação por parte das potências europeias.; negative
A descoberta da cura para a poliomielite representou um marco na medicina.; positive
A Revolução Cubana trouxe mudanças significativas para a ilha caribenha.; positive
As Cruzadas resultaram em conflitos e derramamento de sangue entre cristãos e muçulmanos.; negative
A Independência dos países africanos trouxe a esperança de um novo futuro livre da opressão colonial.; positive
A Revolução Cultural na China gerou repressão política e perseguições.; negative
A conquista da Lua pela Apollo 11 foi um momento memorável na exploração espacial.; positive
O regime de apartheid na África do Sul restringiu os direitos da maioria da população negra.; negative
A descoberta da penicilina por Alexander Fleming revolucionou a medicina moderna.; positive
A Revolução Mexicana levou à queda do regime ditatorial de Porfirio Diaz.; positive
O Brasil ganhou sua independência em 1822; positive
A ditadura militar brasileira durou mais de 20 anos; negative
A construção de Brasília foi um marco na história do país; positive
A Guerra do Paraguai foi um conflito sangrento para o Brasil; negative
A abolição da escravidão trouxe uma grande evolução social; positive
O impeachment de Dilma Rousseff foi um momento conturbado; negative
A assinatura da Lei Áurea foi um avanço importante; positive
A Guerra do Contestado causou muitas mortes e disputas de terras; negative
A Semana de Arte Moderna de 1922 revolucionou as artes no Brasil; positive
O massacre de Cunhaú e Uruaçu deixou um legado de violência religiosa; negative
A proclamação da República trouxe mudanças significativas; positive
A Inconfidência Mineira não conseguiu alcançar seus objetivos; negative
O Brasil se tornou campeão mundial de futebol em 1958; positive
A ditadura militar instaurada em 1964 reprimiu os direitos humanos; negative
A Independência do Brasil inspirou movimentos de libertação em outros países; positive
O incêndio do Museu Nacional foi uma perda cultural irreparável; negative
O surgimento do movimento tropicalista revolucionou a música brasileira; positive
A Revolução Constitucionalista de 1932 lutou pela democracia; positive
A Guerra dos Farrapos teve como consequência a separação do Rio Grande do Sul; negative
A criação do SUS trouxe maior acesso à saúde para a população; positive
A Revolta da Vacina gerou conflitos e descontentamento popular; negative
A conquista do tricampeonato mundial de futebol foi motivo de orgulho; positive
A crise econômica de 1929 afetou bastante o Brasil; negative
A criação da Eletrobras trouxe avanços na energia elétrica do país; positive
O Brasil sediou a Copa do Mundo de 2014 com sucesso; positive
A Ditadura do Estado Novo restringiu as liberdades individuais; negative
A queda do Império causou mudanças políticas profundas; positive
A Revolução de 1930 marcou o fim da República Velha; positive
O regime do AI-5 foi marcado por censura e violações de direitos; negative
A conquista do direito ao voto feminino foi uma vitória importante; positive
A crise do café afetou gravemente a economia brasileira; negative
A conquista da Copa América trouxe alegria aos torcedores; positive
As guerras indígenas no período colonial foram violentas; negative
A Constituição de 1988 trouxe garantias e direitos fundamentais; positive
O Golpe de 1964 interrompeu a democracia no país; negative
A Guerra do Paraguai fortaleceu o Exército Brasileiro; positive
A Ditadura Militar restringiu a liberdade de imprensa; negative
A conquista da primeira medalha de ouro olímpica foi emocionante; positive
A Invasão Holandesa no Nordeste causou muitos conflitos; negative
A assinatura do Tratado de Tordesilhas garantiu terras para Portugal; positive
A crise econômica mundial de 2008 afetou o Brasil; negative
A ciência é incrível e nos permite entender melhor o mundo ao nosso redor.; positive
A natureza é bela e cativante.; positive
Os cientistas trabalham incansavelmente para desvendar os mistérios da vida.; positive
A natureza nos proporciona momentos de paz e serenidade.; positive
Através da ciência, podemos encontrar soluções para os problemas mais complexos.; positive
A natureza é uma obra-prima que devemos proteger e preservar.; positive
É fascinante observar o ciclo da vida na natureza.; positive
A ciência contribui para o avanço da humanidade.; positive
Passar tempo ao ar livre é uma forma de recarregar as energias.; positive
A natureza nos presenteia com paisagens deslumbrantes.; positive
A ciência nos desafia a questionar o conhecimento estabelecido.; positive
A conexão com a natureza traz benefícios para o bem-estar emocional.; positive
A ciência é um caminho para descobertas revolucionárias.; positive
Observar a beleza da natureza nos faz apreciar as pequenas coisas da vida.; positive
A ciência tem o poder de transformar o mundo.; positive
A natureza é um lembrete de como somos todos parte de um todo maior.; positive
Os avanços científicos têm impacto direto na melhoria da qualidade de vida.; positive
A natureza nos ensina sobre resiliência e adaptação.; positive
A ciência nos ajuda a entender o funcionamento complexo do universo.; positive
A paz que encontramos na natureza é incomparável.; positive
A ciência nos permite explorar o desconhecido.; positive
A interação com a natureza traz benefícios para a saúde física e mental.; positive
A curiosidade científica impulsiona grandes descobertas.; positive
A natureza nos proporciona momentos de contemplação e reflexão.; positive
A ciência é um pilar fundamental para o progresso da sociedade.; positive
Preservar a natureza é fundamental para garantir o futuro das próximas gerações.; positive
A ciência abre portas para novas possibilidades.; positive
Explorar a natureza nos faz sentir vivos e conectados com o mundo.; positive
A ciência é uma busca constante por respostas.; positive
A natureza é uma fonte inesgotável de inspiração.; positive
Através da ciência, podemos entender melhor nosso papel no universo.; positive
A conexão com a natureza nos lembra da importância de respeitar o meio ambiente.; positive
A ciência é uma forma de desvendar os segredos da natureza.; positive
Valorizar a natureza é valorizar a vida.; positive
A ciência nos desafia a pensar além do que já conhecemos.; positive
A natureza é um tesouro que precisamos proteger.; positive
Contribuir para o avanço científico é contribuir para o progresso humano.; positive
A proximidade com a natureza nos ajuda a encontrar equilíbrio.; positive
A ciência nos permite fazer descobertas incríveis.; positive
A natureza é um lembrete constante de nossa interdependência.; positive
A natureza é ameaçadora e perigosa.; negative
A intervenção humana na natureza só traz destruição.; negative
A exploração da natureza é uma violação dos direitos dos animais.; negative
A natureza é imprevisível e cruel.; negative
Eu adorava sair com meus amigos todos os finais de semana!; positive
Eu me sentia perdido durante a adolescência.; negative
Conheci muitas pessoas interessantes na época da juventude.; positive
As mudanças hormonais faziam minha vida um verdadeiro caos.; negative
Participei de várias aventuras incríveis quando era jovem.; positive
A pressão para se encaixar nos padrões de beleza era constante.; negative
Fui muito feliz nos bailes da escola!; positive
O bullying que sofri na época do colégio me deixou marcado.; negative
As viagens com os amigos eram sempre uma animação.; positive
Eu me sentia muito inseguro com relação ao meu futuro.; negative
A juventude foi uma fase de descobertas e aprendizados.; positive
Tive que lidar com muitas cobranças dos meus pais.; negative
Construí amizades verdadeiras que até hoje perduram.; positive
A pressão acadêmica me causava muita ansiedade.; negative
Experimentei diversos hobbies e atividades interessantes.; positive
Lidava com uma autoestima muito baixa durante minha juventude.; negative
As festas de aniversário eram sempre motivo de alegria.; positive
Sentia muita insegurança ao me relacionar com outras pessoas.; negative
Guardo muitas lembranças boas dos acampamentos de verão.; positive
As incertezas sobre o futuro me mantinham noites sem dormir.; negative
Aproveitei a juventude para explorar diferentes culturas.; positive
As cobranças sociais me faziam sentir constantemente fora do lugar.; negative
Tive a oportunidade de fazer trabalho voluntário e ajudar pessoas.; positive
As dificuldades emocionais afetavam meu rendimento escolar.; negative
Construí minha identidade e descobri meus interesses.; positive
Algumas amizades tóxicas me prejudicaram durante a juventude.; negative
Vivi diversas aventuras que nunca vou esquecer.; positive
A pressão para definir minha carreira era muito estressante.; negative
Desenvolvi habilidades que me servem até hoje.; positive
As comparações constantes me faziam sentir inferior.; negative
Cursei uma faculdade que eu amava e que me realizou.; positive
O medo do fracasso me acompanhou durante toda a juventude.; negative
Tive muitas oportunidades de viajar e conhecer novos lugares.; positive
A pressão para ser popular me deixava ansioso.; negative
Aproveitei ao máximo cada momento da minha juventude.; positive
Sentia muita pressão para tomar decisões importantes.; negative
Construí uma base sólida de amizades verdadeiras.; positive
Lidar com as mudanças corporais foi um desafio na adolescência.; negative
A juventude foi um período cheio de emoções intensas.; positive
A insegurança me impedia de aproveitar certas oportunidades.; negative
Desenvolvi habilidades sociais que me ajudaram na vida adulta.; positive
O excesso de cobranças me levou a problemas de saúde mental.; negative
Eu estou nadando em dívidas.; negative
Estou economizando muito dinheiro.; positive
Não consigo pagar as contas este mês.; negative
Consegui aumentar minha renda.; positive
Perdi todo meu dinheiro no mercado de ações.; negative
Realizei um ótimo investimento.; positive
Não tenho dinheiro suficiente para fazer o que amo.; negative
Estou alcançando minhas metas financeiras.; positive
Não consigo sair do ciclo de dívidas.; negative
Estou conseguindo poupar dinheiro para o futuro.; positive
Fui despedido e agora estou com dificuldade financeira.; negative
Recebi um bônus inesperado no trabalho.; positive
Estou gastando mais do que ganho.; negative
Consegui reduzir minhas despesas mensais.; positive
Estou afundado em empréstimos estudantis.; negative
Meu negócio está crescendo e prosperando.; positive
Estou com problemas para pagar o aluguel.; negative
Meu salário foi aumentado.; positive
Não tenho controle sobre meus gastos.; negative
Estou conseguindo investir para minha aposentadoria.; positive
Estou devendo dinheiro para várias pessoas.; negative
Consegui quitar todas as minhas dívidas.; positive
Estou pagando juros muito altos em empréstimos.; negative
Recebi uma promoção e meu salário aumentou.; positive
Estou vivendo de cheque especial.; negative
Estou conseguindo economizar parte do meu salário todo mês.; positive
Não consigo pagar as mensalidades da faculdade.; negative
Estou investindo em minha educação financeira.; positive
Perdi meu emprego e não tenho economias.; negative
Estou ganhando mais dinheiro através de uma renda extra.; positive
Estou endividado até o pescoço.; negative
Consegui uma ótima oportunidade de emprego.; positive
Estou gastando mais do que deveria com supérfluos.; negative
Estou conseguindo pagar todas as minhas contas.; positive
Não consigo pagar meu empréstimo estudantil.; negative
Estou construindo um bom patrimônio financeiro.; positive
Não consigo controlar minhas despesas com comida.; negative
Estou conseguindo fazer pequenos investimentos regularmente.; positive
Estou devendo dinheiro para o banco.; negative
Estou conseguindo reduzir minha dívida a cada mês.; positive
Este produto é incrível; positive
O atendimento desta empresa é péssimo; negative
Recomendo este produto para todos; positive
A entrega deste produto foi atrasada; negative
Adorei comprar nesta loja; positive
A qualidade deste produto deixou a desejar; negative
Esta empresa possui um ótimo suporte ao cliente; positive
Nunca mais comprarei dessa empresa; negative
Estou muito satisfeito com este produto; positive
Fiquei extremamente decepcionado com o serviço desta empresa; negative
Recebi meu pedido em perfeitas condições; positive
O produto veio quebrado e a empresa não resolveu o problema; negative
O suporte técnico desta empresa é eficiente; positive
O atendimento ao cliente é horrível; negative
Este produto superou minhas expectativas; positive
Esta empresa tem um péssimo pós-venda; negative
Gostei muito da qualidade deste produto; positive
Não recomendo esta empresa para ninguém; negative
O preço deste produto está ótimo; positive
Tive problemas com a entrega deste produto; negative
Estou encantado com a eficiência desta empresa; positive
A política de trocas desta empresa é muito ruim; negative
Este produto é perfeito; positive
Diversos defeitos encontrados neste produto; negative
A equipe desta empresa é muito dedicada; positive
O produto não correspondeu às minhas expectativas; negative
Este produto me trouxe muitos benefícios; positive
A empresa não cumpriu o prazo de entrega; negative
Com certeza comprarei novamente desta empresa; positive
Péssimo atendimento ao cliente; negative
Ótimo custo-benefício deste produto; positive
O suporte ao cliente desta empresa é ineficiente; negative
Estou muito feliz com a compra deste produto; positive
A empresa não responde aos chamados do cliente; negative
Este produto mudou a minha vida; positive
Não recomendo esta empresa devido ao péssimo serviço; negative
Fiquei impressionado com a agilidade desta empresa; positive
O produto apresentou defeito logo nos primeiros dias de uso; negative
Excelente atendimento desta empresa; positive
O produto não tinha as mesmas características informadas no site; negative
Na minha infância, eu adorava brincar no parque.; positive
Quando eu era criança, sofri um acidente e machuquei meu joelho.; negative
Lembro com carinho das festas de aniversário que minha família fazia para mim.; positive
Fui intimidado por colegas na escola quando era pequeno e isso me deixava triste.; negative
Adorava passar as férias na casa da minha avó, era sempre muito divertido.; positive
Meu pai costumava me contar histórias antes de dormir, e eu adorava.; positive
Fui rejeitado em uma audição para um teatro na minha infância, o que me deixou muito triste.; negative
No meu aniversário, ganhei um cachorrinho de presente.; positive
Certamente, a escola foi a melhor época da minha vida.; positive
Durante minha infância, meu irmão mais velho sempre cuidou de mim e me protegeu.; positive
Fui um dos últimos a ser escolhido para fazer parte do time de futebol na escola, o que foi bastante frustrante.; negative
Lembro do dia em que minha mãe me ensinou a andar de bicicleta, foi muito especial.; positive
Quando era criança, perdi meu ursinho de pelúcia favorito e chorei por dias.; negative
Adorava brincar de esconde-esconde com meus amigos no parque.; positive
Quando eu era pequeno, meu irmão quebrou meu brinquedo favorito e não pediu desculpas.; negative
Lembro de acampar com a família quando eu era criança, era sempre uma aventura.; positive
Na escola, fui elogiado pelo meu desempenho acadêmico e isso me deixou muito feliz.; positive
Fui intimidado por um professor na escola primária e isso afetou muito a minha autoestima.; negative
Adorava assistir desenhos animados nas manhãs de sábado.; positive
Um colega de classe roubou meu lanche na escola e me deixou sem comer.; negative
Lembro dos deliciosos almoços de domingo em família na casa da minha avó.; positive
Sempre tive medo de palhaços quando era criança.; negative
Gostava muito de brincar de cabana no quintal da minha casa.; positive
Quando era pequeno, me perdi em um shopping e fiquei com muito medo.; negative
Adorava correr e brincar ao ar livre assim que chegava em casa após a escola.; positive
Fui deixado de fora da festa de aniversário de um colega de escola, o que me deixou triste e indignado.; negative
Lembro do dia em que ganhei uma bola de futebol de presente do meu pai, fiquei muito animado.; positive
Na escola, fui eleito o representante de classe e isso me deixou bastante orgulhoso.; positive
Fui chamado de apelidos ruins por um colega de classe, o que me deixou extremamente chateado.; negative
Adorava passar horas jogando videogame com meus amigos.; positive
Quando era criança, perdi meu dente de leite e fui recompensado pela Fada do Dente.; positive
Lembro com carinho dos passeios de bicicleta com meus avós.; positive
Fui ridicularizado por usar óculos na escola e isso mexeu com minha autoestima.; negative
Adorava brincar de madrugada com meu irmão, mesmo quando não devíamos.; positive
Quando tive que me mudar de cidade na infância, fiquei muito triste em deixar meus amigos para trás.; negative
Lembro quando minha família viajou para a praia e passamos dias incríveis juntos.; positive
Fui deixado de fora de um jogo que meus amigos estavam brincando, e isso me deixou bastante magoado.; negative
Adorava ajudar minha mãe na cozinha, especialmente quando fazíamos biscoitos.; positive
Quando era pequeno, caí de bicicleta e tive que levar pontos no joelho.; negative
Lembro do dia em que ganhei meu primeiro livro e desenvolvi o gosto pela leitura.; positive
Eu adorei esse filme!; positive
A trilha sonora desse filme é incrível.; positive
Essa música me deixa feliz.; positive
Esse filme é uma obra-prima.; positive
Essa música me dá arrepios.; positive
O elenco desse filme é sensacional.; positive
Essa música é contagiante.; positive
Esse filme tem uma história emocionante.; positive
Essa música sempre me faz sorrir.; positive
O roteiro desse filme é brilhante.; positive
Essa música me dá vontade de dançar.; positive
Esse filme me faz refletir sobre a vida.; positive
Essa música é uma verdadeira obra de arte.; positive
Esse filme é divertido do começo ao fim.; positive
Essa música me traz boas lembranças.; positive
Eu me apaixonei por esse filme.; positive
Essa música tem uma letra inspiradora.; positive
Esse filme me deixou maravilhado.; positive
Essa música sempre me anima.; positive
O desempenho dos atores nesse filme é incrível.; positive
Essa música me faz sentir tranquilo.; positive
Esse filme é cheio de surpresas.; positive
Essa música é viciante, não consigo parar de ouvir.; positive
Esse filme me fez gargalhar do início ao fim.; positive
Essa música tem uma melodia cativante.; positive
Esse filme me emocionou profundamente.; positive
Essa música é uma verdadeira inspiração.; positive
Esse filme tem cenas de ação eletrizantes.; positive
Essa música me faz sentir otimista.; positive
Adorei a fotografia desse filme.; positive
Essa música me faz dançar sempre.; positive
Esse filme me deixou sem palavras.; positive
Essa música me traz conforto.; positive
Esse filme me prendeu do início ao fim.; positive
Essa música tem uma batida contagiante.; positive
Esse filme tem uma mensagem poderosa.; positive
Todas as músicas desse álbum são incríveis.; positive
Esse filme é uma verdadeira obra cinematográfica.; positive
Essa música me dá energia.; positive
Esse filme é extremamente envolvente.; positive
Essa música é uma prova de talento.; positive
Esse filme é decepcionante.; negative
A trilha sonora desse filme é terrível.; negative
Essa música me deixa triste.; negative
Esse filme é um desperdício de tempo.; negative
Essa música é irritante.; negative
O elenco desse filme é péssimo.; negative
Essa música é horrível.; negative
Esse filme é previsível e chato.; negative
Essa música me dá dor de cabeça.; negative
O roteiro desse filme é fraco.; negative
Essa música é entediante.; negative
Esse filme é sem graça e monótono.; negative
Essa música é desafinada e mal produzida.; negative
Esse filme é confuso e mal dirigido.; negative
Essa música não tem ritmo.; negative
Esse filme é clichê e sem originalidade.; negative
Essa música é repetitiva e cansativa.; negative
Esse filme é uma perda de tempo.; negative
Essa música é sem emoção.; negative
Esse filme é um equívoco total.; negative
Essa música é desinteressante.; negative
Esse filme é uma bagunça e sem coerência.; negative
Essa música é sem graça e sem talento.; negative
Esse filme é constrangedor e malfeito.; negative
Essa música é desagradável aos ouvidos.; negative
Esse filme é uma decepção completa.; negative
Essa música é monótona e sem melodia.; negative
Esse filme é totalmente desinteressante.; negative
Essa música é uma verdadeira tortura auditiva.; negative
Esse filme é entediante do começo ao fim.; negative
Eu adorei a minha última viagem!; positive
Não me arrependo de ter estudado tanto para essa prova.; positive
Frustrante perder a oportunidade de conhecer um lugar incrível.; negative
Meu maior arrependimento é não ter aproveitado mais meu tempo livre.; negative
A experiência de ter um cachorro é maravilhosa!; positive
Fiquei muito chateado por não conseguir alcançar meus objetivos.; negative
Estou grato por ter tido a chance de conhecer pessoas incríveis.; positive
Me arrependo de não ter dito a verdade desde o início.; negative
Passar tempo com minha família é sempre muito bom!; positive
A frustração de não conseguir realizar meu sonho é difícil de lidar.; negative
Ter a oportunidade de viajar para outro país foi incrível!; positive
Lamento ter magoado uma pessoa importante na minha vida.; negative
A experiência de saltar de paraquedas foi uma loucura!; positive
É frustrante não receber reconhecimento pelo meu trabalho.; negative
Estou feliz por ter superado meus medos.; positive
Sinto arrependimento por não ter apreciado mais a minha juventude.; negative
Ter um dia de spa relaxante é sempre revigorante.; positive
A frustração de perder um ente querido é insuperável.; negative
Adorei conhecer um novo restaurante na cidade!; positive
Me arrependo de não ter pago mais atenção nas aulas de matemática.; negative
Fiquei emocionado por conseguir realizar um sonho antigo.; positive
É triste ver pessoas queridas se afastarem.; negative
Participar de uma competição esportiva foi uma experiência enriquecedora!; positive
Lamento não ter dado importância às pequenas alegrias da vida.; negative
A frustração de ter o voo cancelado estragou o início das minhas férias.; negative
Estou animado para começar um novo projeto!; positive
Me arrependo de não ter pedido desculpas quando tive a chance.; negative
Ver o pôr do sol na praia é sempre um espetáculo imperdível.; positive
É frustrante esperar tanto tempo por algo e acabar em decepção.; negative
A experiência de aprender a tocar um instrumento musical foi desafiadora, mas gratificante!; positive
Lamento ter perdido a oportunidade de estudar no exterior.; negative
Adorei encontrar um tesouro escondido no sótão de casa!; positive
É triste ver tanto desperdício de comida no mundo.; negative
A frustração de não conseguir dizer o que realmente sinto é angustiante.; negative
Sinto-me grato por ter pessoas incríveis ao meu lado.; positive
Me arrependo de não ter aproveitado mais o tempo com meus avós.; negative
Ajudar alguém em necessidade é sempre uma experiência gratificante!; positive
É frustrante ver pessoas sendo desrespeitadas por sua origem.; negative
Estou feliz por ter superado um medo que me limitava.; positive
Me arrependo de não ter abraçado mais as oportunidades profissionais.; negative
O futuro me assusta.; negative
Estou ansioso(a) para o que o futuro reserva.; positive
Não sei o que fazer com minha vida.; negative
Tenho grandes esperanças para o futuro.; positive
Sinto-me perdido(a) em relação aos meus planos.; negative
Estou confiante de que alcançarei meus objetivos.; positive
Não tenho certeza se sou bom suficiente para ter sucesso.; negative
Mal posso esperar para realizar meus sonhos.; positive
Tenho medo de falhar.; negative
Tenho certeza de que meu futuro será incrível.; positive
Não sei se conseguirei realizar meus planos.; negative
Estou otimista sobre o que está por vir.; positive
Sinto-me inseguro(a) sobre minhas habilidades.; negative
Estou empolgado(a) com as oportunidades futuras.; positive
Tenho medo de não estar à altura das expectativas.; negative
Vejo um futuro brilhante à frente.; positive
Minhas inseguranças me impedem de agir.; negative
Estou confiante de que alcançarei meus objetivos.; positive
Estou preocupado(a) com o que o futuro reserva.; negative
Acredito que o futuro me reserva grandes surpresas.; positive
Tenho dúvidas sobre o caminho que devo seguir.; negative
Estou determinado(a) a alcançar grandes coisas no futuro.; positive
Sinto-me inseguro(a) sobre minhas escolhas.; negative
Meus planos estão começando a se concretizar.; positive
Tenho medo de tomar decisões erradas para o meu futuro.; negative
Estou animado(a) com as oportunidades que estão por vir.; positive
Não estou confiante sobre o que devo fazer.; negative
Sinto-me esperançoso(a) sobre o que o futuro reserva.; positive
Estou preocupado(a) em não atingir minhas expectativas.; negative
Acredito que meu futuro será promissor.; positive
Estou inseguro(a) sobre meu potencial.; negative
Vejo muitas possibilidades emocionantes para o meu futuro.; positive
Tenho receio de não conseguir alcançar meus objetivos.; negative
Estou confiante de que farei escolhas certas para o meu futuro.; positive
Não sei se sou bom o suficiente para ter sucesso.; negative
Estou empolgado(a) com as oportunidades que estão por vir.; positive
Tenho incertezas sobre o que devo fazer.; negative
Sinto-me positivo(a) em relação ao meu futuro.; positive
Preocupo-me com o que os outros vão pensar dos meus planos.; negative
Estou entusiasmado(a) com o que me aguarda no futuro.; positive
O atendimento foi extremamente eficiente e prestativo.; positive
Os funcionários mostraram total despreparo e falta de educação no atendimento.; negative
Fiquei impressionado com a qualidade dos serviços oferecidos; positive
O hotel estava sujo e desorganizado; negative
Os restaurantes tinham opções deliciosas e variadas; positive
O transporte público funcionou perfeitamente durante a minha estadia; positive
O atendimento ao cliente deixou muito a desejar; negative
O quarto do hotel era confortável e bem equipado; positive
Havia constantes atrasos nas partidas dos voos; negative
A agência de turismo foi muito atenciosa e solícita; positive
O serviço de Wi-Fi era lento e instável; negative
O guia turístico foi muito informativo e dedicado; positive
O hotel não cumpriu com as expectativas prometidas; negative
Gostei da opção de lazer oferecida pelo hotel; positive
A qualidade da comida nos restaurantes deixou a desejar; negative
Os funcionários do aeroporto foram muito prestativos; positive
O serviço de limpeza do quarto não era satisfatório; negative
A praia era maravilhosa e bem cuidada; positive
Houve problemas com a reserva do hotel; negative
A equipe de animação era animada e entusiasmada; positive
O espetáculo era emocionante e cativante.; positive
O atendimento foi péssimo, totalmente desrespeitoso.; negative
A qualidade do espetáculo foi surpreendente, superou todas as minhas expectativas.; positive
O atendimento deixou muito a desejar, fui tratado com descaso.; negative
As performances dos atores foram incríveis, demonstrando um talento excepcional.; positive
O serviço prestado foi terrível, não tenho palavras para o quão ruim foi.; negative
A produção do espetáculo estava impecável, com uma cenografia deslumbrante.; positive
Infelizmente, não posso dizer o mesmo sobre o atendimento, que foi horrível.; negative
Os diálogos entre os personagens foram inteligentes e envolventes.; positive
O péssimo atendimento comprometeu a experiência, deixando um gosto amargo.; negative
A trilha sonora do espetáculo era hipnotizante, complementando perfeitamente as cenas.; positive
Fui mal atendido desde o momento em que entrei até a hora de sair.; negative
Os figurinos eram deslumbrantes, contribuindo para a imersão na história.; positive
O atendimento foi extremamente lento e desorganizado.; negative
As coreografias eram autênticas e bem executadas, demonstrando perícia e talento dos dançarinos.; positive
A equipe de atendimento não se importou em resolver os problemas que surgiram.; negative
Os efeitos especiais foram impressionantes, adicionando uma dimensão extra ao espetáculo.; positive
Fui tratado de forma rude e hostil durante todo o evento.; negative
O enredo do espetáculo era envolvente e cheio de reviravoltas.; positive
O atendimento deixou a desejar em todos os aspectos, desde a cordialidade até a eficiência.; negative
Os cenários eram tão realistas que me senti transportado para dentro da história.; positive
Nenhum funcionário parecia estar interessado em proporcionar uma boa experiência.; negative
Os atores transmitiram uma energia contagiante, cativando toda a plateia.; positive
O atendimento foi negligente e desrespeitoso em todos os momentos.; negative
Os momentos de humor no espetáculo arrancaram gargalhadas do público.; positive
O serviço foi completamente inadequado, sem qualquer tipo de profissionalismo.; negative
A iluminação do espetáculo criava uma atmosfera mágica e envolvente.; positive
Fui tratado de forma grosseira e desrespeitosa por todos os funcionários.; negative
Aquela foi uma das melhores peças de teatro que já assisti.; positive
O atendimento falhou em todos os aspectos, desde a atenção aos clientes até a agilidade.; negative
As atuações dos atores foram arrebatadoras, dignas de premiações.; positive
O serviço de atendimento foi péssimo, um verdadeiro desastre.; negative
O espetáculo era simplesmente magnífico, uma experiência única.; positive
Fui maltratado e ignorado pelos funcionários durante todo o tempo.; negative
A direção do espetáculo estava impecável, conduzindo cada cena de forma brilhante.; positive
O atendimento deixou muito a desejar, completamente despreparado.; negative
A emoção transmitida pelo espetáculo foi de tirar o fôlego.; positive
O atendimento foi inaceitável, com uma falta de educação gritante.; negative
Me impressionei com a criatividade dos cenários utilizados na peça.; positive
O atendimento foi extremamente demorado e desorganizado, sem nenhuma eficiência.; negative
A qualidade das performances dos atores foi excepcional, digna de aplausos.; positive
Fui tratado com total desrespeito e descaso, uma completa falta de profissionalismo.; negative
A partida foi emocionante, mas o lugar estava lotado de forma desorganizada.; negative
Foi incrível presenciar o jogo do meu time do coração em um estádio tão espetacular.; positive
O atendimento dos funcionários do estádio deixou muito a desejar.; negative
Os assentos eram confortáveis e proporcionaram uma ótima visão do campo.; positive
A partida foi decepcionante e o estádio estava sujo.; negative
O lugar estava impecavelmente limpo e bem cuidado, o que contribuiu para a experiência positiva.; positive
O serviço de alimentação oferecido pelo estádio era péssimo.; negative
Os banheiros estavam sempre limpos e bem abastecidos.; positive
A equipe de segurança do estádio não estava preparada para lidar com situações de emergência.; negative
Tive a sorte de presenciar um jogo tão empolgante em um ambiente tão agradável.; positive
A iluminação no estádio era fraca, dificultando a visualização do jogo.; negative
Essa partida foi um desperdício de tempo, assim como a estrutura do estádio.; negative
O estádio oferecia diversas opções de entretenimento além do jogo, tornando a experiência mais completa e prazerosa.; positive
O lugar estava cheio de torcedores animados e a energia era contagiante.; positive
A acústica do estádio era terrível, dificultando a audição dos comentários sobre o jogo.; negative
O estádio deveria melhorar seu sistema de som, pois era difícil acompanhar as narrações.; negative
Foi uma experiência incrível acompanhar a partida de perto, mesmo com a qualidade questionável do estádio.; positive
O atendimento dos funcionários do estádio foi prestativo e atencioso.; positive
Apesar do resultado desfavorável, a atmosfera do estádio fez a experiência valer a pena.; positive
Os assentos eram desconfortáveis e apertados, prejudicando a comodidade durante o jogo.; negative
O estádio oferecia uma diversidade de opções gastronômicas, atendendo a todos os gostos.; positive
O jogo foi emocionante, mas o atendimento do estádio deixou muito a desejar.; negative
Os telões no estádio eram de baixa qualidade e não transmitiam as imagens com nitidez.; negative
Presenciar a partida com a torcida do meu time fez com que o lugar se tornasse mágico.; positive
O estacionamento do estádio era muito caro e distante.; negative
A partida foi repleta de lances incríveis, mas a qualidade do lugar deixou a desejar.; negative
Os funcionários do estádio eram rudes e pouco prestativos.; negative
O estádio possuía uma excelente infraestrutura, com ótimas opções de conforto e lazer.; positive
O jogo foi uma decepção, assim como as condições do estádio.; negative
O atendimento durante a partida foi rápido e eficiente.; positive
O lugar estava muito bem organizado, facilitando a circulação dos torcedores.; positive
O estádio estava mal conservado e precisando de manutenção.; negative
A experiência de estar no estádio superou todas as expectativas, mesmo com alguns problemas de atendimento.; positive
O jogo foi emocionante, mas o estádio estava mal sinalizado, dificultando a orientação dos torcedores.; negative
Os funcionários do estádio eram atenciosos e prestativos, garantindo uma ótima experiência.; positive
A visibilidade do campo no estádio era parcialmente obstruída por algumas estruturas.; negative
A partida foi inesquecível e o lugar era perfeito para vivenciar esse momento.; positive
O atendimento do estádio foi demorado e desorganizado.; negative
O estádio oferecia diversas opções de entretenimento antes e após o jogo.; positive
Gostei bastante da qualidade do produto, superou minhas expectativas!; positive
A qualidade do produto deixou a desejar, esperava algo melhor.; negative
O prazo de entrega foi rápido e dentro do prazo estipulado.; positive
Fiquei extremamente insatisfeito com o prazo de entrega, demorou muito mais do que o prometido.; negative
A experiência de pós-compra foi excelente, o atendimento ao cliente foi impecável.; positive
Não tive uma boa experiência de pós-compra, o suporte ao cliente deixou a desejar.; negative
O produto é de ótima qualidade, durável e resistente.; positive
Infelizmente, o produto apresentou problemas de qualidade logo nos primeiros dias de uso.; negative
O prazo de entrega foi cumprido à risca, chegando até mesmo antes do previsto.; positive
Nunca vi um prazo de entrega tão descumprido como esse, uma verdadeira falta de respeito.; negative
A assistência pós-compra foi atenciosa, solucionando todas as minhas dúvidas.; positive
Não obtive qualquer suporte pós-compra, fiquei completamente desamparado.; negative
A qualidade do produto me surpreendeu positivamente, é realmente de primeira linha.; positive
Me arrependi da compra devido à péssima qualidade do produto.; negative
O prazo de entrega foi bem rápido, chegou antes do esperado.; positive
O prazo de entrega foi um verdadeiro pesadelo, atrasou semanas além do informado.; negative
A pós-compra foi satisfatória, recebi acompanhamento e suporte adequados.; positive
Fiquei extremamente decepcionado com a experiência de pós-compra, fui ignorado.; negative
O produto é de alta qualidade, superando minhas expectativas.; positive
A qualidade deixou a desejar, não atingiu o nível que eu esperava.; negative
Entrega rápida e eficiente, dentro do prazo estabelecido.; positive
A entrega demorou mais do que deveria, o prazo não foi cumprido.; negative
O suporte pós-compra foi excelente, fui prontamente atendido em todas as minhas solicitações.; positive
Não recebi qualquer suporte pós-compra, fiquei completamente abandonado.; negative
O produto atendeu todas as minhas necessidades, estou muito satisfeito.; positive
O produto veio com defeitos, o que causou grande insatisfação.; negative
Entrega rápida e eficiente, chegou antes do esperado.; positive
A entrega foi muito atrasada, gerando grande frustração.; negative
A assistência pós-compra foi impecável, solucionaram todos os meus problemas.; positive
Fui ignorado completamente após a compra, a assistência foi inexistente.; negative
Produto de excelente qualidade, valeu cada centavo investido.; positive
Não recomendaria esse produto, pois a qualidade é questionável.; negative
O prazo de entrega foi cumprido sem problemas, dentro do prazo combinado.; positive
O prazo de entrega não foi respeitado, demorou muito mais do que o previsto.; negative
A experiência de pós-compra foi ótima, recebi suporte eficiente.; positive
A experiência de pós-compra foi terrível, não tive nenhum suporte.; negative
A qualidade do produto é impressionante, superou todas as minhas expectativas.; positive
O produto apresentou falhas graves de qualidade, deixando a desejar.; negative
O prazo de entrega foi rápido e eficiente, chegando antes do prazo estabelecido.; positive
O prazo de entrega foi um caos, ultrapassando em muito o limite dado.; negative
A assistência pós-compra foi excelente, garantindo minha satisfação como cliente.; positive
Fiquei completamente insatisfeito com a assistência pós-compra, sem qualquer auxílio.; negative
O smartphone que comprei online apresentou defeito logo nos primeiros dias de uso.; negative
Fiquei muito insatisfeito com a qualidade do produto.; negative
O atendimento ao cliente foi péssimo, demoraram muito para responder às minhas reclamações.; negative
A experiência de devolução foi um verdadeiro pesadelo, tive que lidar com burocracias e demoras.; negative
Apesar dos problemas com o dispositivo, a empresa se mostrou disposta a ajudar e ofereceu soluções alternativas.; positive
Estou impressionado com a rapidez da resolução do meu problema após entrar em contato com o suporte.; positive
O produto entregue foi exatamente o que esperava, sem surpresas desagradáveis.; positive
Fui muito bem atendido pelo suporte técnico, que me ajudou a resolver os problemas de configuração.; positive
Embora o aparelho tenha apresentado alguns defeitos, a empresa prontamente fez a troca por um novo.; positive
A experiência de devolução foi tranquila e rápida, sem grandes complicações.; positive
A qualidade do produto me impressionou positivamente, superou as minhas expectativas.; positive
O atendimento ao cliente foi impecável, a equipe se mostrou solícita e prestativa.; positive
Estou muito satisfeito com a compra do smartphone online.; positive
O produto chegou em perfeitas condições e dentro do prazo estipulado.; positive
A empresa se recusou a fazer a troca do produto com defeito, o que me deixou bastante insatisfeito.; negative
Tive dificuldades para entrar em contato com o suporte técnico, o atendimento telefônico é péssimo.; negative
A experiência de devolução foi caótica, precisei enviar vários e-mails e ligar várias vezes para resolver o problema.; negative
Mesmo após solicitar a devolução do produto, a empresa demorou semanas para efetuar o reembolso.; negative
O produto chegou com a tela quebrada e a empresa se recusou a cobrir o conserto.; negative
A assistência técnica não conseguiu solucionar os problemas apresentados pelo smartphone.; negative
O suporte pós-venda é inexistente, não obtive nenhuma resposta às minhas dúvidas e reclamações.; negative
O processo de devolução foi extremamente burocrático, precisei preencher vários formulários e enviar documentos.; negative
A empresa não cumpriu com o prazo de entrega estipulado e não me deu informações claras sobre o status do meu pedido.; negative
Tive uma ótima experiência com o atendimento ao cliente, a empresa resolveu o problema de forma ágil e eficiente.; positive
A qualidade do produto é excelente, estou muito satisfeito com a minha compra.; positive
O suporte técnico foi muito prestativo, solucionando todas as minhas dúvidas de forma clara e objetiva.; positive
A devolução foi realizada de forma descomplicada, a empresa se mostrou compreensiva e ágil na resolução do problema.; positive
O produto veio em perfeitas condições e superou as minhas expectativas de desempenho.; positive
A equipe de atendimento foi extremamente simpática e solucionou todas as minhas questões de forma satisfatória.; positive
Tive uma experiência muito positiva com a empresa, que ofereceu total suporte durante todo o processo de compra.; positive
A qualidade do produto deixou a desejar, apresentando falhas frequentes desde os primeiros dias de uso.; negative
O atendimento ao cliente foi péssimo, com respostas evasivas e falta de comprometimento com a solução do problema.; negative
A experiência de devolução foi um verdadeiro pesadelo, com dificuldades de comunicação e processos confusos.; negative
A empresa demorou semanas para analisar e aprovar a devolução do produto com defeito.; negative
Fiquei extremamente decepcionado com a televisão que comprei, pois ela veio com defeito.; negative
O atendimento ao cliente da loja online foi péssimo, demoraram muito para solucionar meu problema.; negative
A experiência de devolução foi bem complicada, tive que esperar várias semanas para receber um reembolso.; negative
Comprei a televisão e ela chegou em perfeito estado, estou muito satisfeito com a minha compra.; positive
O atendimento ao cliente foi muito solícito, me ajudaram a resolver o problema rapidamente.; positive
Mesmo com o problema na televisão, a empresa resolveu tudo de forma eficiente e me enviou um novo aparelho.; positive
A experiência de devolução foi tranquila, recebi meu reembolso no prazo estipulado.; positive
A televisão que comprei veio com um pequeno defeito, mas nada que atrapalhe sua funcionalidade.; positive
Infelizmente, o atendimento ao cliente não foi satisfatório. Tive dificuldades para conseguir informações sobre a devolução.; negative
Ao solicitar a devolução da televisão, fui prontamente atendido e a empresa se responsabilizou pelo problema.; positive
A qualidade da televisão é excelente, estou muito contente com minha compra.; positive
O atendimento ao cliente foi terrível, tive que ligar várias vezes para conseguir alguma resposta.; negative
A experiência de devolução foi bem frustrante, a empresa não cumpriu com o prazo estabelecido.; negative
Comprei a televisão e ela veio com todos os acessórios prometidos, o produto superou minhas expectativas.; positive
O suporte ao cliente me ajudou a resolver o problema com a televisão de forma rápida e eficiente.; positive
A devolução do produto foi simples, consegui enviar a televisão de volta sem nenhum contratempo.; positive
A televisão que comprei apresentou vários defeitos após algumas semanas de uso, estou muito insatisfeito.; negative
O atendimento ao cliente foi excelente, me deram todas as informações que precisei sobre a devolução.; positive
A experiência de devolução foi um pouco complicada, tive que preencher vários formulários e seguir diversos procedimentos.; negative
A qualidade da imagem da televisão é incrível, estou muito feliz com minha compra.; positive
O atendimento ao cliente deixou muito a desejar, fui mal atendido e não resolveram meu problema.; negative
A devolução do produto foi rápida e eficiente, a empresa me reembolsou sem problemas.; positive
Infelizmente, a televisão que comprei não funcionou desde o início, estou muito decepcionado.; negative
O suporte ao cliente foi eficaz, consegui resolver o problema com a televisão sem maiores complicações.; positive
A experiência de devolução foi tranquila, a empresa me guiou passo a passo durante o processo.; positive
A televisão veio com alguns pequenos arranhões, mas a empresa solucionou a situação de forma satisfatória.; positive
O atendimento ao cliente foi muito demorado, precisei esperar horas para ser atendido.; negative
A devolução do produto foi bastante burocrática, precisei enviar diversos documentos para comprovar a compra.; negative
Estou extremamente satisfeito com a televisão que comprei, ela atendeu todas as minhas expectativas.; positive
O suporte ao cliente foi péssimo, fui tratado de forma desrespeitosa o tempo todo.; negative
A experiência de devolução foi péssima, a empresa se recusou a reembolsar meu dinheiro.; negative
A televisão que adquiri está com um problema no som, estou tentando resolver o caso com o suporte.; negative
O atendimento ao cliente foi excelente, me deram todas as orientações necessárias para devolver o produto.; positive
A devolução do produto foi rápida e eficiente, recebi meu reembolso sem problemas.; positive
A qualidade da televisão é excelente, estou impressionado com o produto que recebi.; positive
O atendimento ao cliente demorou muito para responder, precisei entrar em contato várias vezes.; negative